Unnamed: 0,customer_review,airline,recommended,departure,destination,departure_lat,departure_lon,destination_lat,destination_lon
1,"✅ Trip Verified | London to Izmir via Istanbul. First time I’d flown TK. I found them very good in the air, cabin crew, planes, food, all very nice. Not so great on the ground, ground staff, call centre, computer systems. My flight from LHR was delayed so I missed the connection in Istanbul. Most ground staff don’t speak English, and I was given contradictory instructions from those that could speak a little English. I eventually got on a flight to Izmir three hours later, but it wasn’t an easy process, made worse by the vast distances one has to walk between gates in the cavernous new airport. Also, I’d phoned a TK call centre (based in Ukraine) to pay an extra £40 or so each way for extra leg room seats. However, as the departure times kept changing, my seats kept changing, and for the return leg to London from Istanbul I was not given an extra leg room seat. Luckily there was a spare exit row seat and the cabin crew sorted me out. Overall, I think their cabin crew and planes are very good, ground staff and call centre staff need better training and they all need better computer systems and software to work with.",Turkish Airlines,0,London,Izmir,51.4893335,-0.1440551,38.23166,27.02997
2,"✅ Trip Verified | Istanbul to Bucharest. We make our check in in the airport, they Take our luggage , we go to the gate and at the gate surprise they dont let uș board with two children, because they say the flight is overbooked. We had to wait in the airport with two children until 5 oclock in the morning until they bring uș to a hotel 2 hours far away from the airport without luggage, without eat without nothing. Our first and last flight with this airline.",Turkish Airlines,1,Istanbul,Bucharest,41.006381,28.9758715,44.4361414,26.1027202
3,"✅ Trip Verified | Rome to Prishtina via Istanbul. I flew with this company several times in the past years, and I can honestly say that it is getting worse and worse. I flew from Rome to Prishtina via Istanbul, all 4 flights had a delay (which apparently is pretty normal with Turkish). The ground staff is for the most part useless. In Istambul i have tried to ask a few information about a flight delay (i had just 30 minutes before the connecting flight) and the whole answer was: ""Relax Sir, No problem Sir, It's okay"". The new airport is a gigantic mess, very big and disorganized. When you land in Istanbul it takes about 20 to 25 minutes taxiing and other 10 minutes before they actually start disembarking, it's an exhausting experience especially if you are in a hurry. Forget about asking for some indication at the new airport, they all chat between each other, some with a coffee in their hands. I flew with four different aircraft on this trip, two were fairly new, the other two were old, seats worn. Food on board was of very poor quality.., let me repeat this, very...poor quality. In general i can say that crew is decently trained and deliver a good experience or at least they try, of course it is far from the experience you get flying Qatar or Emirates but still pretty good, while ground personnel, especially in Istanbul is the personification of the word Lazy. A complete disaster. I will try and avoid Turkish Airlines in the future, it is not a cheap company and definitely not worth for the money you pay. If you are in a hurry or you know you will be avoid this company and avoid the new istanbul airport at all costs.",Turkish Airlines,1,Rome,Prishtina,41.8933203,12.4829321,42.6638771,21.1640849
5,"✅ Trip Verified | Mumbai to Dublin via Istanbul. Never book Turkish airlines if you are traveling to Dublin from Mumbai. If the flight gets delay from Mumbai, they don't have any other options for you. They will straight forward ask you to stay in hotel in Istanbul. They do not care for any for your time loss. No decisions has been made from airlines crew within time. They kept me waiting for more than 3 hours.",Turkish Airlines,1,Mumbai,Dublin,19.054999,72.8692035,53.3493795,-6.2605593
6,"✅ Trip Verified | Istanbul to Budapest via Dublin with Turkish Airlines. Delays on each flight for both legs of the journey - stuck in Istanbul for almost 20 hours with ground staff who were rude, slow or unhelpful and took an hour to get our bags. The only only thing positive I can say is that the food on the plane is good, everything else was disastrous.",Turkish Airlines,1,Istanbul,Budapest,41.006381,28.9758715,47.4978789,19.0402383
7,"✅ Trip Verified | Istanbul to Algiers, planned to take off at 9:30 pm and to arrive to Algiers at 11:20 pm same night. We got an announcement that the flight is delayed by 2:55 hours due to technical issue. Then after boarding around midnight, and after starting taxiing, the pilot announced that the issue is still there and we have to go back to the gate! Another delay announced! Furthermore, they did not allow the passengers to get off the plane! complete chaos since the passengers do not want to take this aircraft anymore (and I completely understand) and what worsen the situation is that neither the pilot nor any official came to us and explained what is going on. No explanation, no apology, nothing! they requested the police and we saw armed civilian men at the gate . We did not take off until 6:30 am (that's a total delay of more than 9 hours!) Due to this delay, I lost my full working day in Algiers on April 15 due to the resulting inconvenience and fatigue (I am a consultant and I had several meeting planned for that day). I will never take Turkish Airlines again.",Turkish Airlines,1,Istanbul,Algiers,41.006381,28.9758715,36.7729333,3.0588445
8,"✅ Trip Verified | Basel to Cape Town via Istanbul. When I arrived in Istanbul at 10pm we are informed that TK44 to Cape Town (departure at 1.55am) is delayed 4,5 hours. No reason for this Delay was announced. I received a voucher for Burger King, Sbarro Pizza or Popeys. The staff at the gate were very unfriendly.",Turkish Airlines,1,Basel,Cape Town,47.5581077,7.5878261,-33.9288301,18.4172197
9,"Not Verified | Abu Dhabi to Luxembourg via Istanbul. From AUH-IST, as the flight was at 1:30am, the flight was I comfortable due to the small size of the aircraft. The seats were cramped although the leg room was okay-ish. Service started mid way through and the food was okay but nothing great. Staff was mostly friendly. IST-LUX staff was friendlier, aircraft was bit better, the food was of the same standard though. I think it was a decent experience overall but I would prefer a more spacious air craft even if the flight is 4.5 hours from AUH.",Turkish Airlines,0,Abu Dhabi,Luxembourg,24.4538352,54.3774014,49.8158683,6.1296751
10,"✅ Trip Verified | The experience with Turkish Airlines has been devastating one. First paid $200 Euros per luggage, totaling $400 Euros for 2 luggage that end up lost between Turkish Airlines and JetBlue. My itinerary was from Venice to Istanbul to Boston and from there with Jetblue to San Juan, Puerto Rico. Once I made it to Boston I looked for my luggage and it never made it to BOS. I immediately try to make a reclamation to Turkish Airlines at BOS and was told that I had to wait until my final destination. Once I made it to my final destination I made my claim. Turkish Airlines will not cooperate with Jetblue and even if JB was really trying to help is not much they could do because TATurkish Airlines did not care for my luggage. It never made to Boston. Turkish Airlines have been unhelpful. In my case, even presenting evidence to both airlines, neither is able to find my lost claim luggage. It seems the claim is a form which after being submitted it get to be submitted evidence, dead word, as they do not even comply with the search of the lost not delivered luggage in hands of Turkish Airlines.",Turkish Airlines,1,Venice,Istanbul,45.4371908,12.3345898,41.006381,28.9758715
11,"Not Verified | New York to Erbil via Istanbul. They have the worst customer service. My initial leg was delayed due to weather so I was going to miss my connection. Turkish Airlines did nothing to help - in fact finding someone with Turkish Airlines to assist is a feat in itself. TA kept passing the blame. Bottom line - if any segment of your Turkish Airlines flights causes a delay then you are SOL when it comes to TA. Plan on spending a lot more money and flying another airline because Turkish Airlines will not assist you and they will keep your money. The ""customer service"" is a joke - they read from scripts and keep repeating the same paragraph - almost like robots. They also tell you to send an email - it is just a stalling tactic.",Turkish Airlines,1,New York,Erbil,40.7127281,-74.0060152,36.1911744,44.0094145
12,"✅ Trip Verified | Tehran to New York via Istanbul. Terrible experience and terrible customer service! Will never fly again. I tried to change my flight date, called the airline and they made the changes. Told me I would be getting a confirmation email after I hang up (Never received it). I called back, submitted my request again and was told that someone would get back to me in at most 7 days (Never happened again). I called back (this was 3 days to the actual flight date), was told I need to go to a Airline office to make a change!. The closest office to me is 250 miles away. Also, there was a schedule change on the ticket that I did not confirm. When I called, I was told that I would not get charged the penalty, I ended up getting charged+the fare difference (almost 500$). In addition to the trip cost (200$) for a one way trip. So this has never happened before with any other airline. It would have been easier to cancel and buy a new flight which would have cost me around $800 for a two way.",Turkish Airlines,1,Tehran,New York,35.6892523,51.3896004,40.7127281,-74.0060152
13,"✅ Trip Verified | Belgrade to Athens via Istanbul. My first flight departed with delay from Belgrade due to local weather conditions in Istanbul. I requested for a connection assistance in order to catch my second flight but the airline did not provide me such assistance. I managed to arrive at the gate of departure of my second flight while boarding was not completed and while the screen mentioned 'last call' but I was denied boarding because 'the system had unchecked me from the second flight due to late arrival of my previous plane'. People were boarding in front of my eyes on the plane. The Turkish Airlines officer deceivingly told me to go to another gate (215) because another plane was waiting for me. He just got rid of me. Gate 215 was near the rebooking office of Turkish Airlines for the issuance of new tickets. Although I was condemned to stay overnight at the airport, I was not proposed hotel accommodation or a meal. I was put on another flight departing next morning without even offered the possibility to select my checked seat (the officer rejected my request for an aisle position despite the fact that the plane was half-empty!). I filled a complaint form for denial of boarding and they replied that they are not responsible for a flight delay due to weather conditions. Turkish Airlines maybe is a large company but it manages these type of routine problems poorly as a low budget airline.",Turkish Airlines,1,Belgrade,Athens,44.8178131,20.4568974,33.9597677,-83.376398
14,"✅ Trip Verified | Dublin to Tel Aviv via İstanbul. First of all our flight was delayed for over an hour, but that’s fine we crossed that bridge, then when we arrived in İstanbul airport we were told that we missed our connection flight. Ridiculous considering the fact the tickets were bought from Turkish Airlines and not from different companies, ok, 10 minutes of talking to customer service and we got new tickets from İstanbul to Tel Aviv (not same comfortable plane as it supposed to be but still something) Arriving in Tel Aviv we found our 3 bags on the belt but so called oversized bag (which was actually a doll birthday box for my daughter) was missing almost 2 hours waiting for it to be found (no luck) then another half an hour of registering with lost&found made us exhausted (myself my husband and 2 kids aged 3 and 5 at 5am in the morning is no fun at all) We supposed to pick up our rental car in between 3-4am and when we came to get it apparently the car was gone to another customer because we were late. We had no choice but get another more expensive car that was available (I think Turkish airlines should be liable for that as well) We registered lost baggage gave the address and phone number in Petah and asked them to deliver it there as we were going to Eilat for a few days. I was pretty much confident that should be no problem with contact details. I was 5 days later arriving back to Tel Aviv and with no contact from lost&found I rang them to see what’s the story and I was shocked when I heard that my baggage was delivered to me the following day! Where? When? To who? The answer was simple we have in our system that you baggage left to Eilat next day and was delivered to the hotel so we are really sorry but you have to get it yourself from there! How come they left my baggage in the hotel without notifying me? Answer was: Delivery company rang you but there was no answer. Left a message? I doubt it I think it’s pure lies) Anyway I said I want my baggage back please get it to me! Oh you know it might take couple of days. Fine I said just get it please! Few days later I rang again because nothing came and find out that delivery man came to the hotel in Eilat asked for me but because me and my spouse have different surnames he was told that there’s no such person registered (but then the question is how could he leave it there if he was told the person is not there) Again I was promised that few days later I will get it. As you can imagine I didn’t. Rang again today asked for the manager (was told the manager is in holiday) got to speak to supervisor and what a surprise she said that the baggage is not in the hotel in Eilat but in airport Eilat and because it’s holiday (Pesah) the airport is closed and they can’t get it. And she said you know it’s your fault that it went to Eilat. When I asked her name she refused to give and hanged up on me.",Turkish Airlines,1,Dublin,Tel Aviv,53.3493795,-6.2605593,32.0852997,34.7818064
15,"✅ Trip Verified | Houston to Kiev via Istanbul. Fares seem competitive, but there is a catch in terms of layover time. Mine from Houston to Kiev Via Istanbul had a return leg layover of 14 hours and though TK website says that a layover of over a certain hours gets a complimentary hotel stay. But there is a fine print somewhere which they always get a disqualified citing some wired “rules” that I, even as a frequent traveler cannot comprehend. Another notable difference in Turkey is that there are endless and multiple security checks, and one wonders if one is going through a war zone . Lines at security checks and passport control ( yes, if you need to stay at a hotel for a long layover, one needs to get an e-VISA just to get out, check into a hotel and get back to airport to catch the connecting flight). Ended up paying way more than if I had chosen other airlines like LH or SAS, which I will keep in mind next time",Turkish Airlines,1,Houston,Kiev,29.7589382,-95.3676974,50.4500336,30.5241361
16,"✅ Trip Verified | Tashkent to Istanbul. A poor experience with Turkish Airlines. The guy who seemed to be the cabin chief was acting in a very extremely rude way towards the passengers, almost yelling at them, mostly hurrying people to sit down quickly. Very unprofessional. The tightest space for seating I experienced, apart from a low cost carrier in Indonesia. A mess with luggage, clearly too many volumes allowed onboard.",Turkish Airlines,1,Tashkent,Istanbul,41.3123363,69.2787079,41.006381,28.9758715
17,"✅ Trip Verified | Istanbul to Prague. The crew was very polite. Wide seats, good entertainment and I like the safety video. I had a morning flight so they served breakfast. Food was on point and delicious. The only bad remark is that they don't serve cold beverages on their second round of stroll.",Turkish Airlines,0,Istanbul,Prague,41.006381,28.9758715,50.0874654,14.4212535
18,✅ Trip Verified | Nakhchivan to Istanbul. The flight set off a little bit late and boarding was disorderly with too many passengers carrying oversized baggage on board. The aircraft appeared to be old with drop-down screens for entertainment which were virtually useless. Cabin service was not very good and staff appeared not to care.,Turkish Airlines,0,Nakhchivan,Istanbul,39.217497,45.4069671,41.006381,28.9758715
19,✅ Trip Verified | London Heathrow to Istanbul. The flight from LHR took off on time. Boarding was hassle free. Seating was 3x3x3. Legroom was average but I had an emergency exit row seat. Cabin service was average with not many smiles. The flight was smooth as was the landing.,Turkish Airlines,0,London Heathrow,Istanbul,51.467739,-0.4587801,41.006381,28.9758715
20,✅ Trip Verified | Istanbul to Trabzon. Boarding was fast. I thought flight will be on time but no! Taxi took forever. We've waited 40 minutes to take-off. Don't remember if I've heard any explanation from cabin crew. I'd prefer 60 minutes at airport to 40 minutes at a plane seat. Cabin crew was good. Sandwich and drink giveaway was nice. Cheap price.,Turkish Airlines,0,Istanbul,Trabzon,41.006381,28.9758715,41.0054605,39.7301463
21,"✅ Trip Verified | Izmir to Istanbul. It was my first Boeing 777 experience. They gave a free hot sandwich with cheese and vegetables and a drink. Hot and cold options were rich. Cold ones weren't very cold but you can add some ice to them. Plane was really big and crowded yet there were no problem with fresh air and air conditioning. Well, maybe one. One of the cabins leaked some water to a passenger. They suddenly suggested he change his seat, he refused. Flight on time, good cabin crew. And this time, it was extremely cheap.",Turkish Airlines,0,Izmir,Istanbul,38.23166,27.02997,41.006381,28.9758715
22,✅ Trip Verified | New Delhi to Cappadocia via Istanbul. I took a flight from New Delhi 6:15pm on 16th April it got delayed by 1.5hours and flew at 7:50pm. I had a connecting flight at 12:20pm on 16th April to Cappadocia from Istanbul but as I reached late due to delay from this airline I missed my flight. They gave me a flight for 11:30 pm without providing any hotel accommodations. Later I had to force them to give me a earlier flight as I was tired so they gave me a flight for 8:35pm TK 2018 which also was delayed and the flight departed at 10:50pm. I some how was happy that at least I reached Cappadocia but my whole day and hotel booking was wasted. I went to pick my luggage but as to my surprise my luggage did not arrive and I was told it’s arriving in the next flight and they shall have it sent to my hotel. I came to my hotel and not it’s about 4pm on 17th April and my luggage has still not arrived even after making several calls. This airline has charged me a lot without giving any good service or facility. I would highly recommend not to book Turkish Airlines ever to any one unless they want to waste their time and money. Don’t know when will my luggage arrive and till when I have to sit in my hotel and waste time as I cannot freshen up unless I get my clothes and got out to see this city.,Turkish Airlines,1,New Delhi,Cappadocia,28.6419258,77.2217499,41.9815716,13.2766093
23,"Not Verified | Singapore to Zagreb via Istanbul. Customer service at Istanbul Airport is horrible. I miss my connecting flight upon arriving in Istanbul from Singapore. I have ask the flight attendants onboard regarding my connecting flight. She assure me that I have no problem doing the connection. Upon arrival, there was no staff to assist. My flight was not showing on the display. I end up going to their care point counter. The staff there is the worst. I would give the rating negative 1. They just took their time to figure out your next flight. If I have not insisted that I need to fly on the same day, they just put me on the next day flight. This is the worst terminal service I come across in my 10 years of travel.",Turkish Airlines,1,Singapore,Zagreb,1.357107,103.8194992,45.8130967,15.9772795
24,"✅ Trip Verified | Baku to Amsterdam via Istanbul. They still operate like a third world airline. Check in counter staff at the new airport was ignorant (when she finished my check in, she just left the boarding pass and my passport on the counter instead of handing them to me). I changed my seat the previous night when doing the online check in. When boarding the agent said I had the wrong seat and put me back at my old seat. I asked why, and she said they changed plane. She just made that up.",Turkish Airlines,1,Baku,Amsterdam,40.3755885,49.8328009,52.3730796,4.8924534
25,"Not Verified | New York JFK to Tel Aviv via Istanbul. Do not fly Turkish Airlines! We had round trip scheduled March-April 2019. Just before leaving on our trip they cancelled the second leg of our return flight and placed us on another flight which involved a 14 hour layover in Istanbul airport. Then, upon arrival in Istanbul on our way out to Tel Aviv they cancelled the second leg of this part of the trip as we stood at the gate waiting for departure and put us on another flight several hours later because the later flight was not full. Imagine 300 People at an airline gate waiting as staff filled out new boarding passes for everyone by hand!. We cancelled our return arrangements (without refund) and flew another airline home at the end of our vacation. Rather lose the money then deal with this airline any further!",Turkish Airlines,1,New York JFK,Tel Aviv,40.6429479,-73.7793734,32.0852997,34.7818064
26,"✅ Trip Verified | Kathmandu to Berlin via Istanbul. Their service is worst because they usually overbook the flight and it was like first come first serve basis and airport staff don’t even listen the customer request. They treat people like they are doing favor to them. Flight often delayed by 2- 4 hours and they don’t care about your connecting flight. In my return flight after issuing boarding pass, my seat plan was changed without any notice and in flight entertainment system is damaged and it was 9 hours long flight. I have requested several times but they don’t care and don’t give attention to the passengers request.",Turkish Airlines,1,Kathmandu,Berlin,27.708317,85.3205817,52.5173885,13.3951309
27,"✅ Trip Verified | Montreal to Bucharest via Istanbul. Delicious food, great choice of beverages. Cabin crew kind and careful. I would choose Turkish again and can recommend them.",Turkish Airlines,0,Montreal,Bucharest,45.5031824,-73.5698065,44.4361414,26.1027202
28,"✅ Trip Verified | Guangzhou to Barcelona via Istanbul. I wonder if customer service really exists for this airline. My luggage has been gone missing already two days and there has been no update for the last 24 hours already! I called the customer service almost ten times in the last 2 days and it is never answered. In their online luggage tracing system, they don't even update what they did or how long I need to wait. I doubt that I would ever book Turkish Airline again. As a frequent flier of the long-haul flights, I have never experienced lost luggage. I know that it is not uncommon that luggage can be delayed or missing. But what is lacking is their customer service.",Turkish Airlines,1,Guangzhou,Barcelona,23.1301964,113.2592945,41.3825802,2.177073
29,"✅ Trip Verified | Istanbul to Vienna. Another ordinary fight by Turkish Airlines. Food excellent, but as always there's a mess with a queue when boarding process. This airline really has to strict about the rules to all customer, as my experiences this is the worst airline for boarding process.",Turkish Airlines,1,Istanbul,Vienna,41.006381,28.9758715,48.2083537,16.3725042
31,"✅ Trip Verified | Atlanta to Amman via Istanbul. Beside being one of the filthiest airport bathrooms and cheap of course for not making it easy to use the Wi-Fi, they make us wait 5 more hours in the transit just because they can fill up the plane by merging another plane for people who are going to Amman without giving us any notice! And after waiting hours now to check-in online, now they saying check-in at the counter. Bad food on the plane, bad select of movies and entertainments and of course bad customer service in the airport.",Turkish Airlines,1,Atlanta,Amman,33.7544657,-84.3898151,31.9515694,35.9239625
32,"✅ Trip Verified | Manchester to Bangkok via Istanbul return in the last month. All flights were on time. Excellent food and drink service. Lovely staff and a smile on their faces. Great airline, cheap prices, excellent service.",Turkish Airlines,0,Manchester,Bangkok,53.4794892,-2.2451148,13.7524938,100.4935089
33,"Not Verified | Mumbai to Istanbul. One of the worst experiences of our life has been this trip on Turkish Airlines. After booking a confirmed flight on 6th April we were offered one in which the connecting flight leaves 2 days earlier than we land. Thankfully we didn't select this by mistake. Then we were given a new itinerary which needed us staying overnight at Istanbul. We were then given a hotel room outside the airport which needed us to spend 220 USD on an express visa to enter Turkey plus an additional 100 USD on travel. The airline doesn't give you rooms in the airport, which turns out to be more expensive for the passenger as there is no proper public transport to our hotel room and Turkish won't pay for it. To make matters worse today the check in doesn't work and they've told us we need to reach early to the airport if we need good seats. Avoid this airline for its terrible customer service.",Turkish Airlines,1,Mumbai,Istanbul,19.054999,72.8692035,41.006381,28.9758715
34,"✅ Trip Verified | Prague to Istanbul. Just ordinary fight served by Turkish Airlines. Food excellent, but as always there's a mess with a queue when boarding process. This Airline really has to strict about the rules to all customer, as my experiences this is the worst airline for boarding process.",Turkish Airlines,0,Prague,Istanbul,50.0874654,14.4212535,41.006381,28.9758715
35,"✅ Trip Verified | Amsterdam to Bangkok via Istanbul. I wont book again after the conditions I flew in. Food: tasty. Over the average for an airline. In-flight entertainment: large variety of movies. Cabin crew: negligent and sloppy, to a frustrating level. So many episodes where they disregarded very simple requests from passengers or (worse) caused problems due to their disorganization. Gate crew: at the check-in I chose a spot that would allow me to easily access the bathroom, that I need for medical reasons. At the gate the seat got striked through and I have been re-assigned, no explanations provided. When I asked for the seat to be changed to an aisle seat, I have been told by the cabin crew to temporarily sit on the assigned seat. After take-off, my request got ignored for the whole flight, regardless many seats were empty. Seats extremely unconfortable and impossible to sleep in (very old plane for a 10h flight). Mine was even broken so I could not sleep at all. Food service: chaotic to the point that some people started to serve themselves due to the fact that their requests were disregarded or forgotten. Overall a very bad experience that leaves me confused at how this company won any awards. At first I also gave it the benefit of the doubt that's why I waited to write the review but the return flight confirmed all the negligent behaviors I saw on the departure flight. Other airlines offer very similar prices and the cons don't make up for the flight conditions you will experience.",Turkish Airlines,1,Amsterdam,Bangkok,52.3730796,4.8924534,13.7524938,100.4935089
36,"✅ Trip Verified | Venice to Ankara via Istanbul. Instead of taking off on time the fight was originally delayed (on the information table was written 10 minutes). I was satisfied with the information (it is possible to be delayed). The next information which followed invited us to go to the gate. More than 75% of passengers created the line in front of the desk and we were waiting for opening the gate. It was the first mistake, after 45 minutes the staff changed the departure time on the information desk for 10.50 a.m. Nobody knew that the game was started. The plane was delayed by more than 60 minutes. It is usually that the staff will give you any additional information about the connection flights. Unfortunately, it is not the case of Turkish Airlines . After the arrival, I run from the plane through the tunnel in the terminal and hoped to catch the flight to Ankara. The guy who was wearing the TA uniform and who was waiting at the end of the tunnel showed me the direction where I should have found the gate of for my flight. Of course, it was the wrong direction and I had to run back. After that, I had to go through the x-ray frame and I have lost another 10 minutes although I didn't leave the secured area. When I came into the main hall I sew that the gate is closed. Until this moment nobody has apologized for the inconvenience and to this day too. This horror trip was still not at the end. I tried to find the TA office and I found only the TA desk where was it possible to buy new tickets. When I started to explain my situation and the guy behind the desk recognised that I am not a new potential customer his face expression changed rapidly and his bored voice said to me that he is not responsible for information. The problem was closed for him. After a few minutes, I found the desk with the logo TA in the check-in sections. I run there to solve the problem and I tried to inform the first staff about my situation. His answer was: ""Wait a minute"".. I didn't want to wait and I said to him, that his company is responsible for the situation and I expect more empathy and full service for customers. No answer, only disgusted reaction visible in his mimic and he showed me with the finger another TA worker sitting next to him. This person let explain to him my situation again and he printed a new boarding pass for the flight at 6.00 p.m. I checked the departure on the screen and by my next flight was additional information that it is delayed 40 minutes before the departure. I asked the guy again whether it is mean serious and my second question was why it is not possible to get the ticket for the flight at 5.00 p.m.? The answer was given with the highest arrogance in his voice.""The flight is full!"". And it is still not the end of the troubles, instead of being delayed 40 minutes the ""great"" TA let me wait one hour longer in comparison with original departure schedule. The service was the mess and the behaviour of the employees was everything but not professional.",Turkish Airlines,1,Venice,Ankara,45.4371908,12.3345898,39.9207759,32.8540497
38,"✅ Trip Verified | Helsinki to Kiev via Istanbul. Flying Turkish Airlines for the very first time. I was simply shocked, in a good way. I have never seen a more spacious plane with such leg room in economy class. The served meal was just lovely, cabin crew as well. 10/10.",Turkish Airlines,0,Helsinki,Kiev,60.1698897,24.9384719,50.4500336,30.5241361
41,✅ Trip Verified | Amsterdam to Bangkok via Istanbul. Flight boarded four hours late with no communication during this delay. Boarding was a complete shambles with everybody scrambling to get on. Once boarded the business class crew looked completely uninterested which continued throughout the flight. The level of communication skills in English from the cabin crew and cockpit falls well below standard. The crew came across as though they were doing you a favour when I asked for a drink. A very poor overall experience.,Turkish Airlines,1,Amsterdam,Bangkok,52.3730796,4.8924534,13.7524938,100.4935089
42,"Not Verified | New York to Tel Aviv via Istanbul. Never again. While staff was excellent, plane was hot and extremely uncomfortable. Painfully uncomfortable. Several passengers requested for cabin air to be cooled. No avail. Plane was dirty. Get ready for your back and knees to hurt.",Turkish Airlines,1,New York,Tel Aviv,40.7127281,-74.0060152,32.0852997,34.7818064
43,"✅ Trip Verified | Manila to Istanbul. If you ever flew with Emirates or Qatar Airways, you will miss their service if you fly Turkish Airlines. I only saw the crew, when they served meal after departure, before Arrival and running around from the front to the back and vice versa. Never offered Drinks or Snacks. Water for an almost 13 hour flight is essential, but was never offered.",Turkish Airlines,1,Manila,Istanbul,14.5904492,120.9803621,41.006381,28.9758715
44,"✅ Trip Verified | Dhaka to Copenhagen via Istanbul. This trip was full of disappointments. Already the airport lounge, Dhaka, demanded money for a glass of wine, unheard. I am a frequent flyer, I have never experienced business class lounge charging a business class passenger, for a glass of wine. Next, on board, no welcome drinks. I asked for a newspaper and a drink, the choice was a glass of water or a lemonade. After take-off, no beverage and snacks, just the meal, which was disgusting. My choice was beef, which was cold, dry, served with some bean and carrots, also cold. I asked for a glass of red wine, but waiting and waiting, I tried to draw the attention of a crew, who was talking with another passenger in the front row. Then I had to get up went where he was enjoying a conversation with the passenger. I made my request- I got served a glass of wine-. I expressed my gratitude- and the crew explained the delay- he had to take care of a CIP. The meal was eatabel, so asked for a cup of coffee and a glass of cognac. Surprise- the crew said there was no cognac. I showed the menu, which showed cognac was available. Well, had almost 6hours layover at Istanbul airport lounge, which was OK. About 90 minutes prior to board, we were asked to go the the gate. After completion of checking tickets and passports, we were waiting to board- almost 45 minutes had to wait and then bus to the plain. The flight was on way to Copenhagen. There were a grpoup of Danish passengers,. A elderly gentleman asked for lass of cognac, the crew was about to serve a generous glass of cognac. Another female crew rushed and snatched the glass, poured half of the content to another glass and then served the guest. We had a laugh- that was entertaining.- but not convincing for making Turkish Airline the choice any more.",Turkish Airlines,1,Dhaka,Copenhagen,23.7643863,90.3890144,55.6867243,12.5700724
45,"✅ Trip Verified | Hanoi to Milano via Istanbul. As we 4 arrived this morning from Hanoi at 6 am (TK168) we learned that our connecting flight to Milan TK1873 had been cancelled. No assistance was given to passengers, everybody had to wander around the immense airport, address the numerous TK people behind desks each of whom seemed to take care of anything but customer service and only care to dispatch people somewhere else. Finally we got to the right desk and were given the TK flight leaving at 16.15, 10 hours waiting time. We were assured this was the first possibility open. To our surprise we discovered that there is a previous flight leaving at 12.45 with seats available. Hundreds of people crowded at the desk with only 2 employees working so we gave up trying to anticipate our flight, and no contact was possible on the phone.",Turkish Airlines,1,Hanoi,Milano,21.0283334,105.854041,45.4641943,9.1896346
46,✅ Trip Verified | Manila to Vienna via Istanbul. Seats are comfortable. In-flight media selection is great and updated. Food is good. Paid in-flight Wifi (MNL-IST) is excellent for long-haul flights. No Wifi for IST-VIE. Cabin crew not friendly but not bad either. Boarding can be quite delayed. Gate announcements are delayed (sometimes changed at the last minute) - be careful! You might miss your flight especially if you have a hard time finding gates.,Turkish Airlines,0,Manila,Vienna,14.5904492,120.9803621,48.2083537,16.3725042
47,"Not Verified | Boarding totally chaotic and far too long. Nice meal, creepy safety video which distracted the people more than giving them advice. Crew notifications (strong turkish accent, sound quality) hardly understandable, even for native speakers. Economy legroom and seat width did not at all suit the flight duration on the first flight from Phuket to Istanbul (11 hours), more equal to short-distance low costers. (disclaimer: I had a seat at an emergency exit, luckily). WiFi did not work for me and others at all, for some more expensive devices it did, but very slowly (asked my neighbours and staff for help, but no way to get it working). Very expensive seat pre-selection (160+30€ for a 400€ flight), so I did not take it and was lucky at the airport check-in.",Turkish Airlines,1,Phuket,Istanbul,7.9366015,98.3529292,41.006381,28.9758715
48,"✅ Trip Verified | Istanbul to Amsterdam. Although a bit worn and older than A330-300, the economy cabin of A330-200 is more comfortable than 333's. This flight had a good seat pitch for a short haul flight. Ground service was smooth and cabin crew was one of the best I have seen at Turkish. Since the second choice of meal was out, we were offered more complimentary drinks. The only setback in this flight was the old, an outdated-interfaced IFE with a limited selection. After a few years of slight disappointments, I am happy to include Turkish Airlines into my highly preferred airlines once again.",Turkish Airlines,0,Istanbul,Amsterdam,41.006381,28.9758715,52.3730796,4.8924534
49,"✅ Trip Verified | Ankara to Istanbul. Although there was no IFE in this version of 737-800, it is a flight that takes less than an hour. Seat pitch and comfort was probably best I have seen in a 737-800. A delicious short-haul panini and drinks deserve the points.",Turkish Airlines,0,Ankara,Istanbul,39.9207759,32.8540497,41.006381,28.9758715
51,✅ Trip Verified | Istanbul to Ankara. Great short-haul flight. A warm delicious panini was accompanied by a selection of drinks. Turkish's IFE selection was ready in full. Overall a very pleasant flight.,Turkish Airlines,0,Istanbul,Ankara,41.006381,28.9758715,39.9207759,32.8540497
53,"✅ Trip Verified | Dublin to Manila via Istanbul. This flight was both a disaster and a nightmare. This incident happened during Istanbul-Manila leg of my flight. Im not sure what happened, but I your ground crew was disorderly and very unwelcoming. The boarding was horrible, flying business is not worth it especially I am queueing with the rest of the passengers. The on board experience was the tipping point. Since last year, I never had problem with my Vegan meal onboard as I make sure to preselect them online. But this flight was a disaster. Not only I made only preselection, I wrote to the menu that I am vegan, and the chef was aware i dont eat cheese as he asked me before flight. When I was served with appetizers, I was curious as they gave me a butter on a small dish. At first, I though it could be vegan as I was given butter previously, but that was on a pack, not this time. I called the head steward and explain my conundrum. The chef came and explained and apologized. They insisted i ordered vegetarian as shown on their records, but I showed my confirmation email that I did preselect Vegan meal. Somewhere something went wrong. I settled for orange juice, and went to sleep. Before landing, the chef gave me a minimal but unbusiness like food. I still appreciate his effort to come up with vegan food.",Turkish Airlines,1,Dublin,Manila,53.3493795,-6.2605593,14.5904492,120.9803621
54,"✅ Trip Verified | Nairobi to Amsterdam via Istanbul. Terrible service and bad customer care. I went through hell in a recent trip with Turkish. I was traveling for a conference and unfortunately missed a connection flight after last minute gate change. I was sent around their customer desks without any help. I was finally told I needed to pay extra to change my ticket, an amount that was far more than the original cost of the return ticket. They said the best they could do was to help me call my family. I was left stranded at Istanbul Airport. I had to request a friend to pay for a ticket from a different airline to get to my conference destination. After the conference I went back to the airport hoping to utilize my return ticket with Turkish Airlines, only to be told that it is no invalid and I have to book a flight afresh. I struggled to raise money and finally was able to buy a ticket with different flight and go home.",Turkish Airlines,1,Nairobi,Amsterdam,-1.2890006,36.8172812,52.3730796,4.8924534
55,"✅ Trip Verified | I along with my 6.5-month-old son were traveling from London to Kabul via Istanbul. The flight from London got delayed. When I arrived at Istanbul I couldn't find my son's pushchair which was supposed to be next to the aircraft. I had to jump on the bus to get to the next flight but when I arrived that was gone. I was only booked on the next flight leaving 24 hours later. I was not offered any accommodation or any facilities to help me care for my baby. Even the pushchair was not brought to me so at least the little one could sleep. In the past when I had traveled with them with my husband for much shorter stays we would be offered free food and drinks but didn't receive that as well. Because I was a woman with a small child and couldn't argue with them because my son was crying all the time, they just made sure I don't get any help, while I should have been offered more given the circumstances. In light of all this, my son and I suffered very much and it wasn't even our fault. Please avoid this airline they are the worst people to fly with. They pick on people who are more vulnerable and in need. I will never ever fly with this airline again. My problem is not with the delays, delays are part of traveling but when the airline gets it wrong they should have the moral standards to look after their customers especially when its a mother and a child. They should have the mindset as to how to do more, but as I explained above their attitude was how to give less and cheat a mother and a little child.",Turkish Airlines,1,London,Kabul,51.4893335,-0.1440551,34.5269503,69.1850584
56,"✅ Trip Verified | Khartoum to Rome via Istanbul. The flights were actually pleasant but both return flights were late and no explanation was provided. Ground staff at Ataturk airport rather rude and not able and/or not willing to speak english. Ataturk airport crowded and dirty, hopefully things will change with the opening of the new airport.",Turkish Airlines,0,Khartoum,Rome,15.5038301,32.5738979,41.8933203,12.4829321
57,"✅ Trip Verified | Do not trust anything with this airline! We were at Istanbul Atatürk Airport 4 hour before the departure. It was supposed to depart 2.20 but THE flight from Istanbul to Cape Town was delayed to 3.25., so some of us slept of in til 2. At 2.30 when we were going to the gates our flight was not in the board anymore. We passed an information desk and she said, gate is closing, you run. We Ran to gate only to See that the gate has closed! THE flight to Cape Town left 2.40, 45 min earlier. And nobody wanted to help only go to desk 214, go to desk 230, go back to 214, go to Information desk etc etc. We were directed to 9 different desks! Then they Said go out to ticket desk and we Will tell them to help you to book for a flight tomorrow. We had to pay for new tickets THE next Day. They didn't help us with a hotel. The next Night when we were at THE Airport again THE same time changes happens and THE flight left again 45 min earlier. They overbook and make time changes but fly earlier so people miss flights.",Turkish Airlines,1,Istanbul,Cape Town,41.006381,28.9758715,-33.9288301,18.4172197
58,"✅ Trip Verified | Helsinki to Beirut via Istanbul. Never again will I travel by Turkish Airlines! I had a flight connection from Helsinki to Beirut, and both trips were late by 1 hour. I don't understand the delay! Also when on board the stewardess were very slow in serving the food and the drinks.",Turkish Airlines,1,Helsinki,Beirut,60.1698897,24.9384719,33.8892265,35.5025585
59,"Not Verified | Dalaman to Brussels. Turkish Airlines customer service is outrageous, they do not care about their customers. They called me in the evening to tell me that my morning flight was cancelled and to call a number and rearrange a flight. When I called them 2 different employees ensured me the flight was planned. After arguing for an hour, I gave up. An hour later I received a message saying my flight was cancelled. Spend a total of 3 hours on the phone as they could not get me to my meeting in time. I had to recall them at night to confirm my flight. Had no sleep whatsoever! As I had no guarantee my flight was confirmed. Had to travel 400 km to a different airport. And now I’m told that it’s not their staff's fault. Well it is Turkish Airlines fault. You Cancel a flight and do not inform your own staff. Instead of an apology I receive a ‘standard’ mail saying they are not to blame. Shame on you!",Turkish Airlines,1,Dalaman,Brussels,36.7672142,28.8002737,50.8465573,4.351697
60,"✅ Trip Verified | I was supposed to fly from Dubai to Atltanta via Istanbul - all on Turkish airlines. The flight from Dubai was delayed by an hour before it even took off. I asked the gentleman at the counter whether this will affect the transit and he said i have got enough time. I landed in Istanbul at 1:50 PM and my next flight was supposed to be at 2:50 PM and had 1 hour to board. Despite getting off the plane and rushing through the security gate, i reached 10 minutes before the boarding and the staff were so rude to say that you have missed your flight - not even a slightest of empathy in any ones behaviour. I was offered another flight via Toronto after 26 hours. They were not ready to issue any visa to enter the country. Also they told that i need to collect my baggage from lost and found and made me wait there for hours before they could track my luggage. One of the worst crew i have come across across. I will never recommend Turkish Airlines to anyone primarily because of the rude behaviour of staff - no exception at all.",Turkish Airlines,1,Dubai,Atltanta,25.0742823,55.1885387,,
62,"✅ Trip Verified | Dubai to Lisbon via Istanbul. In April, I booked a flight from Dubai to Lisbon for $530.90 with Turkish Airlines. When I received an email to check-in, I was unable to do so. I decided to call them to inquire why. They told me they cancelled my reservation and my credit card was flagged as fraud. I was told to provide proof that the credit card belonged to me so I did. First of all, why was I not notified that they cancelled my reservation? I even received an email notification to remind me to check-in… After a long day of correspondence, they emailed me saying I can get the flight for the same price that I originally paid. I called to book my flight and they said it wasn’t going through again so I had to use a different credit card. The Turkish Airlines representative then confirmed my payment went through and checked me in online. Great! I finally have a reservation since it was less than 7 hours till departure. When I went to drop off my bag at the Dubai airport, the Turkish Airlines representative said that there was no reservation for me. I showed him my confirmation AND showed him my online credit card statement that showed I had a charge from Turkish Airlines. He repeatedly told me I no longer have a reservation and need to buy a new ticket with a travel agency at the airport. He also told me I would be fully refunded when I submit a claim with Turkish Airlines. Again, why wasn’t I notified that they cancelled my reservation? Why did they cancel my reservation after they already charged my credit card? It was 1 hour until departure so I did exactly what the Turkish Airlines representative told me to do. I bought a ONE WAY flight for $1306.98!! Since my flight in April, I’ve had a nonstop battle trying to get my refund. On Dec 19, 2018, Turkish Airlines called me to apologize for everything that’s happened. She admitted it Turkish Airlines’ fault and that they didn’t follow their protocol which resulted in them cancelling my reservation. She asked me to send a copy of my passport and my credit card statements and that I would get my full refund in one week. Since that phone call, Turkish Airlines has completely ignored me. I’ve tried contacting them Jan 4, Jan 6, Jan 9, Jan 15, Jan 16, Jan 20, Jan 22, Jan 25, Jan 29, Feb 1, Feb 4, Feb 14, and Feb 20. Every time I’ve tried contacting them, they either do not respond to me or the call center tells me they’ll mark my case as urgent and someone will respond to me in 48 hours. I have not ONCE heard back from them ever since I was told I would get fully refunded in Dec. Why is their protocol to respond within 7 days or 48 hours, but it’s been 2 months now and I haven’t heard from them yet? Why did they not follow the proper protocol in the very beginning when I booked my flight? Why didn’t they ever notify me that they cancelled my reservation? Why did their own employee confirm my payment went through and check me in? Why did they cancel my reservation when they already charged me? Why did their own employees tell me that they’ll fully refund me, but aren’t now? Why are they completely ignoring me? I feel like everyone should be aware how horrible Turkish Airlines is. I hope no one else has to go through what I’ve been through. It’s been seriously affecting my health dealing with them. It's evident that they have horrible service and will not refund people (reading other reviews). Please- save your money, time, and health, and book a different airline.",Turkish Airlines,1,Dubai,Lisbon,25.0742823,55.1885387,38.7077507,-9.1365919
63,"✅ Trip Verified | Montreal to Berlin via Istanbul. I was mostly disappointed with the services. I flew from Montreal to Istanbul and from the beginning I felt the experience to be flawed. There were some 28 business class seats and I had chosen a seat with direct aisle access. The seat is quite comfortable and large was what I noticed at first. The cabin crew was awful. They congregated at the forward cabin near the bar and watched us settle in. As we were in the middle of winter, passengers all had heavy winter coats. I was seated in row two and could overhear some passengers asking the crew if they could take their coats. I was a bit taken aback by the crews response: ""No, later, later"". Needless to say, I was not going to go out of my way to ask them to take my coat and instead opted to leave it at my seat. The crew members did not offer to take my coat nor my neighbour's at any time during this 9,30 hour flight. We sat in the cabin at our seats with no drinks offered, no water bottle for at least 15 minutes. The crew came by after 15 minutes to offer us a selection of non alcoholic beverages. I declined the drink and was asked if I wanted anything else and I ordered champagne. All drinks during our entire flight were served with no napkin and I thought this to be a bit odd since you get a napkin in Canada even on low cost carriers! Menus were handed out and we were asked for our selection later on. After take off, the service was not well planned. It took a while before any crew member came by and when they did they offered to make our beds! We had just left Montreal at 1045 pm and I suspect this is why they were asking us prior to even taking a drink order! I declined the offer for bedding and informed they that I would be ready for it after dinner. ""Of Course Sir, anything you want"". The response lacked being genuine and I felt the crew was somewhat irked. The service began with handling out a bottle of water, 40 minutes into the flight. We waited another 10 or so minutes and we were asked for drinks. The ""Onboard Chef"" came by to take our food order and this was also done in a chaotic way. He would take the order for 3-5 seats at a time and then disappear. The whole order taking for the entire business class must have taken 40 minutes. The food was served and it was beautifully plated. I can't say the food tasted better than any other overseas carrier I've flown in business class. The onboard chef seemed like it was all a show and I could not really see how he was a chef. He took our order (chefs don't usually do this) and made sure the plates looked nice. I think that is the extent of it and I don't really see any exotic or added value to this.During the whole meal, my drinks went dry for 10 or more minutes at a time. I have flown many carriers in business class and I have never had to ask or get up to ask for more wine with my meal. The crew in the business cabin were simply not friendly nor attentive. I also experienced the Turkish Airlines lounge in Istanbul during my connection. It is tired looking and circus like atmosphere. I qualified for the use of a resting suite. The attendant informed me she would come by to let me know when I could shower. I was there 3 hours, and she never came.",Turkish Airlines,1,Montreal,Berlin,45.5031824,-73.5698065,52.5173885,13.3951309
64,"✅ Trip Verified | New York to Dhaka via Istanbul. Services at Istanbul Airport was horrible and totally unprofessional. I had a flight from JFK to Istanbul on the way to Dhaka and had a 12-hour long stay over in Istanbul. While it was written on the Turkish website that they would give a hotel room if the stay over is 12 hours or more, there was no such opportunity. Turkish airlines staff at the airport had limited English proficiency, lack of decency (rude), and lower motivation to cooperate. However, instead of a hotel room, a lady at the counter offered me snacks. When I requested for lunch instead of snacks or breakfast, the lady just tore the check she wrote in front of me. I was devastated seeing this non-professional rudeness. Only positive things were inflight hospitality and foods.",Turkish Airlines,1,New York,Dhaka,40.7127281,-74.0060152,23.7643863,90.3890144
65,"✅ Trip Verified | In 9/30/2018 my wife, our 11 months old son, and myself took Turkish Airlines to fly from San Francisco to Addis Ababa via Istanbul. Half way in the first leg of the flight (from San Francisco to Istanbul), a lady in the flight got sick and a decision was made to divert the plane to Bergen Norway, so the lady can get a medical treatment.  This caused 3 hours delay on our arrival time to Istanbul and we missed our second leg flight (From Istanbul to Addis) as a result. When we first got to Istanbul information was scarce and no one were willing to help. After a lot of leg work we finally reached to the “Transfer” station where we can request to be booked to another flight.  We were told the next flight to Addis Ababa is 24 hours later and the airline will provide hotel accommodations for us. They booked us to the next flight and refer us to another station where we can request hotel accommodation. When we got to the hotel accommodation station, we were told to get a visa and return. When we got to the Visa station we faced discrimination because my wife carried a passport from Ethiopia. Visa was offered to my son and myself who were carrying a US passport and denied to my wife who were carrying Ethiopian passport. When we asked why we were told they don’t give Visas to people who carry Ethiopian passport. We showed them my wife’s US green card and explain the situation we will face if we had to stay in the airport with a sick child for 24 additional hours and they still refuse to give my wife a visa. The only solution they offered is to leave my wife who was breastfeeding behind.  We tried to call the US Embassy in Istanbul to explain the situation, but they were closed for the day. Out of options, hungry and tired, we finally decide to stay in the airport for the next 24 hours. We returned to Turkish airlines terminal and asked if we get admittance to the Turkish airline lounge, so our child can rest in a comfortable area and this request was denied because we are not Turkish airline business customers. For the next 24 hours, we were prisoners in Istanbul airport. I regret my decision to fly Turkish and I will never fly them again.",Turkish Airlines,1,San Francisco,Addis Ababa,37.7792588,-122.4193286,9.0358287,38.7524127
67,"✅ Trip Verified | Maputo to Almaty via Istanbul. Turkish Airlines has the worst customer service and IT-systems. They charged me for a flight but due to system error the funds disappeared from my account without the payment showing in their system. Their customer rep gave me as an only alternative to wait for 7 business days and buy the tickets then. Of course I could've just chucked another 1,500 USD in and tried if their system would've worked on the second time around.",Turkish Airlines,1,Maputo,Almaty,-25.966213,32.56745,43.2363924,76.9457275
68,"Not Verified | Booked business class for the comfort, travelled from Toronto to Istanbul, the flight was good rested well. The flight from Istanbul to Karachi was a disaster, none of the seats were working to recline or adjust the foot rest. People should think twice before purchasing a business class. On top of they take the headphones 20 min before landing which is so annoying. Overall horrible from Istanbul to Karachi.",Turkish Airlines,1,Toronto,Istanbul,43.6534817,-79.3839347,41.006381,28.9758715
69,✅ Trip Verified | Berlin to Manila via Istanbul. Turkish Airlines lost my luggage. It was delivered only 36 hours after my arrival. The worst thing was the way of delivery. A very rude guy brought the luggage to my place. He threatened me to throw the luggage on the street if i don't come down the stairway to pick it up. I complained via the feedback online form and now i am messaging with Turkish Airlines for more than 6 weeks. They refuse to give me any compensation for the stress. For me it's the poorest customer service i ever experienced from an airline I will never fly Turkish Airlines again.,Turkish Airlines,1,Berlin,Manila,52.5173885,13.3951309,14.5904492,120.9803621
70,"✅ Trip Verified | Istanbul to London. This airline is running a baggage scam. Be very aware. On their website they claim to allow free 2 bags (check in up to 32 kilos each) . When you arrive at counter , they don't speak English and keep telling you are not allowed any bags and must pay for it. They leave you with no option. I had to pay $400 dollars for my two bags , weighing 20 mg each. Avoid this airline like the plague. They do not speak English and are scamming people with this whole luggage scam. It's basically some sort of legalized robbery.",Turkish Airlines,1,Istanbul,London,41.006381,28.9758715,51.4893335,-0.1440551
71,✅ Trip Verified | Athens to Havana via Istanbul. Amazing crew service. On time. Great selection of music and movies on the IFE. The food was delicious with 2 choices and menu card and real cutlery. Also amenity.,Turkish Airlines,0,Athens,Havana,33.9597677,-83.376398,23.135305,-82.3589631
72,"Not Verified | Vienna to Istanbul. Our morning flight was delayed then eventually cancelled due to the bad weather which is understandable. We had to rushed back to counter for them to issue another boarding pass and during this time it was already chaotic. Then they gave us options whather to take the next earliest flight but will arrive in Istanbul Sabiha airport and not Istanbul Ataturk airport. Another option is to take another flight but had to wait for another 9 hours. We took the first option because Turkish airlines promise that our luggage will be sent to Sabiha airport when we landed. Once landed, waited for around 45 mins - 1 hour for our luggage but none arrived including others that took the same option as ours. Few minutes later one of the staff came and informed us that all the luggage are left in Vienna. This became even more chaotic as passengers have other arrangements and obviously requires the luggage. The staff told us to file baggage lost at the counter and the queue itself took almost 2 hours. Turkish Airlines again made another promise that they would send it by the next morning to our hotel but again we still have not receive our luggage the next morning. Fortunately our hotel staff helped us to follow up on this matter and again Turkish Airlines made another promise that the luggage will be sent tomorrow evening. So day 3 In Istanbul with recycled sweaty clothes and no luggage. We are really hopeful that it will be sent by tomorrow evening as we are going back in few days. The trip from Sabiha airport to our hotel itself costed us twice the price. Pray for our luggage. Hope Turkish Airlines take this matter seriously.",Turkish Airlines,1,Vienna,Istanbul,48.2083537,16.3725042,41.006381,28.9758715
73,"✅ Trip Verified | Tel Aviv to Singapore via Istanbul. Ground service is awful, I am Elite+ and get no gold lines. Boarding is a mess. Customer service awful. They deducted miles from my accounts and they don't care, give me weird and general answers over the email. Cabin crew was ok, but missed several safety classes. I paid for emergency seat, Turkish Airlines decided to give to someone else the seat - this guy is Turkish Airlines employee - I saw him with joking around with the cabin crew and they also treated him with some business class beverages, so Turkish Airlines is also corrupted. In Tel Aviv there is no special line for the gold members because Turkish Airlines also doesn't care about the so many Israeli passengers.",Turkish Airlines,1,Tel Aviv,Singapore,32.0852997,34.7818064,1.357107,103.8194992
74,✅ Trip Verified | Istanbul to London. On our flight back from Istanbul we handed our baby stroller to Turkish Airlines. When we arrived to London we realized that the stroller was damaged. We started a claim case there at Heathrow airport. An online account was opened for us through which we filled in more information and received an evaluation which said that that THY would compensate the repair. We ordered two pieces of replacement covers and sent the receipts to THY. This was on the 19th of January. Since then we've been trying to resolve the case but we are being ignored. Today I talked to customer service for the 5th time. Every time I'm told that we should hear back in couple days but we never do. This is such a shame. What we claim is not even that much. If we were this responsive when we owed any money to THY we would be fined multiple times. They are getting away with it. It's such a shame for a company which claims to be world class. It's obvious that the quality they stand for is disappearing quickly.,Turkish Airlines,1,Istanbul,London,41.006381,28.9758715,51.4893335,-0.1440551
75,"✅ Trip Verified | I am flying from Vienna to Singapore with a layover in Istanbul for 11 hours. I selected this long layover knowing that I had much shorter routes with the only intention of taking the Sunday 4:00 pm free tour around the city that Turkish Airlines provides to it´s travelers when they have long wait at the airport. Prior my flight, I confirmed via phone with Turkish Airlines that there was no need to make a reservation and that as long as 1 person would like to make the tour, that would be sufficient to do it and that I needed to be at hotel desk 30 min before the start. As soon as we landed I rushed to the desk office but the passport control took about 50 minutes and I arrived at the desk at 3:50 pm (20 min later than expected). Although I was late, I did see that the tour group was there with the guide, getting ready to leave. I asked at the desk if I could join and they told me ""No, tour is finished"". I was not going to take no for an answer as I had chosen Turkish Airlines and a 11 hours layover flight (instead of 3) to jump on that tour. The manager approached me in a very rude way and told me that she had to leave and that the buses were full. She said that she could put me in the tour but that there was no space for me (in the website clearly states that as long as 1 person will be interested in the tour, it will be arranged). According to her excuse, she had 62 people ready to go and that was exactly the maximum amount that she could take. It is interesting, to say the least, that apparently I was so unlucky that I was the only person that was left out out of an exact number of 62 people. It is really hard to believe that the group of tourist standing next to me at that same moment was 62, when it looked more like 20 people. This person was extremely rude and zero customer oriented and did nothing to help me in that situation or to find an alternative. All she did was to yell at me and say that if I was not happy that I should open a claim (so that's what I'm doing now). I would like to highlight that all I wanted was to do the tour on my way to Singapore and it would have been really easy for her to make it happen. Instead, now I want a compensation.",Turkish Airlines,1,Vienna,Singapore,48.2083537,16.3725042,1.357107,103.8194992
76,Not Verified | Kathmandu to Munich via Istanbul. This is the worst service I have ever seen. Airline changed the flight time and instead of 2 hr transit we need to stay 14 hr at this Istanbul airport. And they didn’t provide us visa and hotel to stay. This is the first and last I’m traveling with this airline.,Turkish Airlines,1,Kathmandu,Munich,27.708317,85.3205817,48.1371079,11.5753822
77,"✅ Trip Verified | Sharm el Sheikh to Frankfurt via Istanbul. Both outbound flights quite okay. Pleasant staff, my husband's normal meal was average. My special meal was rather nice, twice the same. Film choice very poor, mainly testosterone filled movies or old sob stuff. Very few films available in German. English films hard to understand because of bad sound system and/or cheap earbuds. Return: On time, same poor entertainment. Although my low calorie special meal is registered in my frequent flyer profile, on both legs I had to accept normal food, the second inedible half raw scambled eggs. TK's good service is decreasing!",Turkish Airlines,1,Sheikh,Frankfurt,9.9850969,45.37711,50.1106444,8.6820917
78,"✅ Trip Verified | Istanbul to Male. I can not believe Turkish Airlines has 5 out of 10 reviews here. I fly with all major and quite a few minor airlines throughout the year and I have never got better food, service, comfort.",Turkish Airlines,0,Istanbul,Male,41.006381,28.9758715,4.1779879,73.5107387
79,"✅ Trip Verified | Tel Aviv to Brussels via Istanbul It's not my first time i'm flying with Turkish , it's the airline I like the most to fly with. Mostly on time, on flight entertainment perfect, good food, kind staff.",Turkish Airlines,0,Tel Aviv,Brussels,32.0852997,34.7818064,50.8465573,4.351697
80,"✅ Trip Verified | Baku to Istanbul. Frequent traveler of Turkish Airlines and somehow I see that quality decreases over time. Still smiling crew members, good food and wide drinks menu (incl spirits and wine). The only downside is entertainment service - screen not working properly and audio selection very limited. Also they could change food menu more often.",Turkish Airlines,0,Baku,Istanbul,40.3755885,49.8328009,41.006381,28.9758715
81,"✅ Trip Verified | Sao Paulo to Istanbul. Terrible service, amenity kit was gave to other Business Class passengers and not to me. In a 12 hours flight, one meal as the breakfast was not serviced even when boarding I said would rest first part of the flight and eat later, they said ok, but later said meal is not served on demand, really rude flight attendants. Asked water, they said would bring to the seat still waiting. The dinner course, was terrible, never had a so dry and hard meat, asked to change they said no extra meal. This is the kind of treatment you have at Turkish Airlines Business Class.",Turkish Airlines,1,Sao Paulo,Istanbul,-23.5506507,-46.6333824,41.006381,28.9758715
83,"Not Verified | Toronto to Istanbul. Very hostile behaviour at check in counters. I am entitled to take two bags, 23 kegs each but I am carrying one bag with 23 kegs and one carry on luggage with 11 kgs. The lady at the rudely refused my carry on luggage due to over weight for 3 kgs. I explained her that instead of two bags I am taking one, as such you should consider 3 kgs excess in my carry on luggage but she was not a mood to listen anything from me. This will be my first and last trip using Turkish Airways. I will not recommend anybody to take this Airline.",Turkish Airlines,1,Toronto,Istanbul,43.6534817,-79.3839347,41.006381,28.9758715
84,"✅ Trip Verified | Istanbul to Dushanbe. Awful!! Flight was supposed to leave at 9 pm. At check in, told flight was delayed by nine hours, passengers had to stay at airport. No place to sleep, zero assistance or empathy from ill-informed, rude, Turkish airlines employees, whose ability to speak English was very limited. Left to sleep on floor of airport for nine hours. Will never fly again with them.",Turkish Airlines,1,Istanbul,Dushanbe,41.006381,28.9758715,38.5856814,68.760331
85,"✅ Trip Verified | Istanbul to London. When I got to the departure lounge, it was a 30 minute wait to pass immigration officials and to have my passport checked, A number of families moving to the UK slowed down the process. Pre Boarding failed at the families on hand did not understand English or Turkish languages. Boarding on to a new B737 was quick and excess cabin bags was controlled strictly at the gate. The cabin was very new, with a light and bright feel. The seat where average economy seats with reasonable leg room. The plane featured over head TV screens that showed a cheesy lego based pre flight video. The cabin crew was very good and offered an efficient service. Drinks where served after takeoff and a very Turkish meal was served an hour later, featuring rice, vegetables and kebab meat. A vegetarian option was available that looked like couscous. Drinks included fruit juice, sodas, beer and white wine. Inflight entertainment was limited to music and radio on 8 channels. Overall it was a pleasant flight and the seats where OK.",Turkish Airlines,0,Istanbul,London,41.006381,28.9758715,51.4893335,-0.1440551
86,"✅ Trip Verified | Boston to Amsterdam via Istanbul. Great flight, no delay. The staff were very kind and helpful during the flight. The entertainment system was great, lots of new movies/series. My preferred food is seefood based upon my miles and smiles profile. I got grilled salmon and shrimps. It was like eating at a good restaurant. No complaints at all",Turkish Airlines,0,Boston,Amsterdam,42.3554334,-71.060511,52.3730796,4.8924534
87,"✅ Trip Verified | Tashkent to Istanbul. Check in Tashkent was chaos, People where checking in box's of eggs and fresh produce to sell in Istanbul. I quickly slipped into the business line and saved 20 minutes from the check in process. When we all assembled in the depart lounge the pre boarding sequence went out of the window. People standing closest to the door where on 1st. This ruffled a few business travellers big time. The airplane was a well used and tired aircraft, the interior was well used & featured cramped and un comfortable economy seats. Boarding was swift and the crew did a manual safety briefing, before a quick take off. The inflight services was a limited range of drinks and tea. The meal options where greasy riced based meals with donner meats. There was no flight entertainment. The flight was over soon enough and we disembarked on a jet way with easy connection to my next flight.",Turkish Airlines,0,Tashkent,Istanbul,41.3123363,69.2787079,41.006381,28.9758715
88,"✅ Trip Verified | Istanbul to Tashkent. Got to the departure longue to find utter chaos, 100s of local people trying to board a flight, each carrying with 3 or 4 cabins bags, wedding dresses, quilts and electrical goods. The Turkish airlines staff did their best to bring control and remove bags from shopping happy Uzbeks. The boarding sequence did not work either. Reminds me of a rugby scrum at its best. We were bussed out to a well used aircraft with a very dated cabin. When I got to my window seat I found both seats full of stacked bags. Which had to be removed to the frustration of their owner. Turkish Airlines had an extra 6 or 7 staff on the flight trying to move what seemed 2 tonnes of bags into the hold and to sit people in there assigned seats. The flight had a delayed takeoff, which gave you time to look at a very tired interior, seats were old and lacked support. Leg room was zero and there was no IFE or video screens. The crew gave a manual safety demo and had to control people who wanted to change seats. The flight itself was OK, there was a basic drinks service and a simple meal of kebab meat and rice, there was no vegetation options that I could see off. The crew enforced a strict liquor policy from take off which worked well. Landing was OK and we where loaded into a bus from a remote parking space. Transit through Visa control and baggage collection was fast by Uzbek standards.",Turkish Airlines,0,Istanbul,Tashkent,41.006381,28.9758715,41.3123363,69.2787079
89,"✅ Trip Verified | London to Istanbul. The departing gate and boarding experience was good, people boarded quickly and the sequence worked well. The cabin of this new 737 was clean and bright, for a economy seat the legroom was ok with a standard seat pitch of 34 or so inches. A cheesy safety video was shown before takeoff featuring lego figures. A little too cheesy after been shown twice, once in Turkish and once in English. Drinks were served after take off in a punctual fashion and was soon followed by a superb in flight meal of lamb kebab and rice, a good looking vegetarian Dahl was available too. Drinks included average wines and rice beer, along with soft drinks and Turkish coffee. The cabin crew where good and well turned out, including a chef working in the galley for business class passengers. The rest of the flight was fine. This plane did not feature IFE, other than some magzines. We were disembarked at a remote stand and spent 20 minutes on a bus trundling across a dark airfield to a packed transfer hall. Cannot wait for the new airport.",Turkish Airlines,0,London,Istanbul,51.4893335,-0.1440551,41.006381,28.9758715
90,"✅ Trip Verified | I was flying from Alexandria to Atyrau through Istanbul on Jan 15, 2019. The luggage was tags were printed fine all the way to Atyrau but the Turkish Airlines Supervisor asked the agent to check it only yo Istanbul. He was rude and obnoxious. He claimed that this was because I have two different ticket numbers which is very common anywhere else on earth. He said the same to someone else who was going to London but he received a phone call from superiors to make this passenger luggage go all the way to London. When I complained, he threatened to float my flight. He was shouting at everyone and when when his colleagues offered to intervene, he shut them down. I fly on Turkish Airline from Cairo every 28 days and I never had this problem. But now never again. I had to get a 50 Euro Visa to and clear customs in Turkey and collect my luggage to check in again because this incompetent airline staff. Never again Turkish Airlines.",Turkish Airlines,1,Alexandria,Atyrau,44.8349534,8.7450304,47.6605827,50.806203
91,✅ Trip Verified | Mumbai to Los Angeles via Istanbul. The estimated departure of TK9 (BOM-IST) was 6:55 am which actually departed at 7:55 am it was delayed because of some connecting flight and other reasons. My experience in both flights form BOM-IST and IST-LAX was way too different. BOM-IST review: Communication: The communication done by the pilot with passengers was awful they spoke something in Turkish and mumbled some English. All I understood was word THANK YOU. The quality of speakers used for the announcement was very cheap. The flight crew had a very different attitude in this flight they didn't communicate well with passengers and was just doing work like robots. Not listening to queries and moving on with next passengers. They didn't even greet their incoming passengers. Food quality was OKish. No menu card was provided. Overall the Flight was clean with old interfaces. My front seat was torn apart with some internals clearly seen. IST-LAX review: The communication was very clear in English the speakers were fine. The cabin crew was friendly and accommodating understood passengers well and heard all my queries. Helped me with my bags. Greeted us while coming in and going out. Food: Food was awful. When given meal preference was an Asian vegetarian meal please for god sake dont serve ITALIAN PASTA. Menu card was provided. Flight: This flight was cleaner with newer interfaces and good seats. The flight arrived 1 hr late. Overall Review of Turkish Airlines: Istanbul airport security lady was extremely rude. She can't even understand basic English. Passengers are in hurry and tired and in that mindset even such small things make a big impact on passengers. My Mumbai to Istanbul flight was awful and Istanbul to Los Angeles was good. They do really discriminate passengers from different regions. Providing different services to different passengers.I have traveled quite a lot but never gotsuch treatment.,Turkish Airlines,1,Mumbai,Los Angeles,19.054999,72.8692035,34.0536909,-118.242766
92,"✅ Trip Verified | Istanbul to Beirut. Rude, arrogant, stressed and unapologetically inattentive crew. Wifi impossible to connect to, or simply malfunctioning. Really bad experience.",Turkish Airlines,1,Istanbul,Beirut,41.006381,28.9758715,33.8892265,35.5025585
93,"✅ Trip Verified | Kilaminjaro to Chicago via Istanbul. My problems began the day before the flight, I had booked a Turkish Airlines award business class ticket using United Mileageplus miles months earlier, but the day before noticed I couldn't select my seat and part of my flights were missing from the itinerary. I called Turkish Airlines to confirm everything was but for some reason I couldn't select my seat, so to arrive to the airport early. I arrive the next day to the airport 3 hours early in Kiliminjaro airport in Tanzania and it turns out there is a massive problem with my ticket. A Turkish airlines agent later said it was ""it was award ticket and NO REC on your onward boarding pass"""" which I have no idea what it means but the agent was smashing away at the keyboard for hours trying to get me on the flight to the point they had to hold the flight to Istanbul. At the very last minute I was finally I was able to board and the Turkish airlines agent said I shouldn't have any more problems, but once I get to Istanbul I need to get my next boarding pass and that my bag would arrive just fine to Chicago (both of these turned out to be false) Already having a bad day,I was informed that for the duration of the flight I would only receive economy service and meals despite booking a business class ticket. Once I arrived to Istanbul, more problems began as the transfer desks agents were extremely unhelpful just ping ponging me from one desk to the other with no agent willing to print my boarding pass or ticket. As it got closed to boarding time I told a transfer desk agent I'm not leaving until they print me my pass which I paid for and I was bound to miss my flight! In the end a desk agent in Istanbul wrote me ticket by hand 30 minutes before the flight was set to take off and told me to run! This ticket got me past security and it seemed everything was ok until I got to the gate and once again they denied me boarding, while they grabbed my passport and the agents again smashing on a computer keys trying to get me boarded. Then they tried to claim that my ticket was only economy until I showed them the receipt, at this point they were once again, holding the next plane up for me. At the very last second they finally let me board the flight to Chicago. Once arriving to Chicago I was once again greeted with more bad news. My bag had not made it so I asked them to ship the bag to Mexico City (where I live). They said I would need to pick it up at the airport ""the next day."" Well turns out the next day was a whopping 5 days later. When the bag arrived it was completely destroyed. The nightmare doesn't end there. I figured they would be quick to provide compensation over such an incident, especially over an expensive long distance business class ticket but was I wrong. Once I began the process I sent them all relevant details including pictures of my damaged bag, and receipts totalling about $500 for various purchases I had to make for the 5 days I didn't have my bag. Then they said that they couldn't pay me anything for my damaged bag because they needed a ""repair invoice"" when they originally said a financial request will suffice in lieu. At that point I had already thrown my damaged baggage away.",Turkish Airlines,1,Kilaminjaro,Chicago,,,41.8755616,-87.6244212
94,"✅ Trip Verified | Stockholm to Bangkok via Istanbul. Flying with TK is a good start of the vacation, the price was very compatible. This trip started with a nearly empty business class from Stockholm. The lounge in Istanbul is huge with a lot of different choices. The flight to Bangkok in a full business class was really nice. We started with a glass of champagne and then food. Everything went very smooth. We received a fast track pass in Bangkok to pass immigration recommend Turkish Airlines.",Turkish Airlines,0,Stockholm,Bangkok,59.3251172,18.0710935,13.7524938,100.4935089
95,"✅ Trip Verified | Lahore to Frankfurt via Istanbul in business class. Extremely disappointed with this pathetic airline. Lahore to Istanbul the aircraft was A330-300. And everything about the flight was sub standard. The seat layout was at least 20 years old, when business class seats hardly just reclined. No storage space. The kit they provided had nothing in it. Cheap stuff. For an around 6 hour flight, no menu cards were provided. The crew serving never bothered to ask if passengers needed anything. One had to look around what others were eating and ask for it. The worst part was the next flight, from Istanbul to Frankfurt. It was again A330-200. And everything on this flight was perfect. They provided a menu card, the seats layout was modern. Like proper fully reclining seats. I feel awful the way they discriminate with flights from Pakistan.",Turkish Airlines,1,Lahore,Frankfurt,31.5656822,74.3141829,50.1106444,8.6820917
96,"✅ Trip Verified | Durban to Houston via Istanbul. We had booked our flights from Durban to Houston (return) which included a stopover of 2 days in Istanbul whereby our journey from Istanbul to Houston was on 16th December 2018 on flight number TK33 at 2.30pm. We had requested wheelchair service in advance. We checked-in on time at Istanbul Airport and waited more than 1 hour for the wheelchair assistant who never came and had to walk by ourselves to the gate. By the time we reached the gate we were denied boarding as they said that we are late. As a result, we had to buy another ticket on Turkish Airlines for 18th December 2018 at the airport which cost us TRY 21519 and this was through no fault of our own. The problem is that the wheelchair assistance never turned up which is the main reason for us being late. We have flown with other airlines and never faced this issue. It was our first time with Turkish Airlines and has been a terrible experience.",Turkish Airlines,1,Durban,Houston,-29.861825,31.009909,29.7589382,-95.3676974
97,"✅ Trip Verified | New York to Thessaloniki via Istanbul. I have so many bad words in my mind about this airline. It was the first and the last time I chose it. My return trip was yesterday, JFK to Ataturk, due to a 2.5 hours delay I lost my connection flight to Thessaloniki. When I came out of the plane there is no one to help me out with my flight, I was asking the ground staff and they talk to me in a rude and sarcastic manner because I dont speak Turkish. I was waiting in a very long line (100 people or more, all of them lost their connection flights) to change my ticket. My new ticket was at 20:15 evening and I had arrived at 9 am. I was waiting for 11 hours to go home! They take as at a hotel for almost 4 hours, the hotel and the ground staff had the worst attitude I have ever seen! They didn't show us any respect, long lines, no directions, no answers, no English, nothing except of rudeness. Now I'm home after 26 hours, instead of 14. For me Turkish is really the worst airline and has the worst ground stuff. Waste of money and time!",Turkish Airlines,1,New York,Thessaloniki,40.7127281,-74.0060152,40.6403167,22.9352716
99,"✅ Trip Verified | Cape Town to Sao Paulo via Istanbul. We applied and was granted ""free accommodation"" and stay over in Istanbul - never issued. This was a major reason we decided to use them they were not cheaper than SAA (direct flight) and the price we paid was to fly twice longer in and out. I contacted them many times over 9 months and just got promises, 4 days before our departure they still could not issue the vouchers and had to pay all ourselves. No feedback, no communication, nothing.",Turkish Airlines,1,Cape Town,Sao Paulo,-33.9288301,18.4172197,-23.5506507,-46.6333824
100,"✅ Trip Verified | New York to Istanbul via Skopje. No care for being on time, worst airline ever to being on time. My first flight was 35 mins late for unknown reasons, I spent 9 hours waiting for the next available flight. As I was waiting I watched almost every Turkish Airlines that landed had passengers running off to malke it to their next flight. Then my next flight did not have us board till departure time, when it came to loading on the buses they had us wait 20 mins on a cramped bus without opening the doors. Some passengers had to use the emergency latch to open the doors so we can get some air. Then boarding the plane the captain notifies us that we are delayed and no reason with it. Late again to my final destination. Don't fly with Turkish Airlines!",Turkish Airlines,1,New York,Istanbul,40.7127281,-74.0060152,41.006381,28.9758715
101,"✅ Trip Verified | Riyadh to Manila via Istanbul. Both flights were excellent especially Istanbul to Manila. Food was plentiful & delicious. Generous seat pitch with 3x3x3 configuration on B777 which is necessary for this 12 hour flight. Average inflight entertainment which for me, who doesn't use it much is OK. This flight is full but the crew did excellent in their job.",Turkish Airlines,0,Riyadh,Manila,18.0107143,-15.955326,14.5904492,120.9803621
102,"✅ Trip Verified | Belgrade to Kiev via Istanbul. Worst customer support service ever. They respond with automatically generated replies that has nothing to do with my questions and complaints. Also Miles&Smiles program is made for fools. I have been flying with Turkish airlines for 10 years, collecting miles and now there is no way I can use them before they expire! Can’t buy reward ticket, can’t upgrade my flying class, nor my bonus card class, can’t shop in the aircraft and online. My bonuses are blocked and soon will expire for nothing. And this is the way they say Thank you for being their faithful customer for a decade!",Turkish Airlines,0,Belgrade,Kiev,44.8178131,20.4568974,50.4500336,30.5241361
103,✅ Trip Verified | Atlanta to Addis Ababa via Istanbul. Turkish Airlines delays bags for all passengers up 2 days and when you arrive you have to come back a day or two later to claim your bag. Worst airline I have ever flown. Bad customer service. I will never fly again. Avoid if possible.,Turkish Airlines,1,Atlanta,Addis Ababa,33.7544657,-84.3898151,9.0358287,38.7524127
104,"✅ Trip Verified | Washington to Addis Ababa via Istanbul . Although the flight and flight crew on my trip from DC to Addis were lovely the crew, plane, food, and customer service on my return trip were horrendous. The food served between Istanbul and DC (return flight) was obviously spoiled and several people were sick as a result. The flight crew did nothing to reduce the impact (mess, smell) from this. The plane itself was dirty and several of the seats damaged in the economy class area. The restrooms (within the first 2-3 hours of the flight) ran out of toilet paper and the floors became covered in urine and worse. Upon arrival in DC my checked luggage was returned badly damaged (hard sided suitcase with a giant crack in the hard case). Turkish Airlines has refused to compensate me for the damage despite filing all the appropriate documents.",Turkish Airlines,1,Washington,Addis Ababa,38.8950368,-77.0365427,9.0358287,38.7524127
105,"Not Verified | Khartoum to Amsterdam via Istanbul. I was very disappointed with the airport service at Istanbul. The employee told me to go the transfer desk when arriving at Istanbul to get my boarding ticket for Amsterdam and when I went to the transfer desk an employee told me to go to the Denied boarding office because there weren't any seats. I went to the Denied boarding office when it was the last call for my flight due to the excessive delay in the security control. The security control was packed with more than hundreds of people and some even climbed over the fences and it was very chaotic. Anyways when I went to the office the employee then told me that I missed my flight and asked why I came here. I explained everything to him but the only response I got was to go back to the transfer desk. Then when I went back to the transfer desk, the other employee told me to go to the ticket sales desk. I was expecting them to arrange a seat in a flight today but when i went to the ticket sales desk, the employee said that there were no remaining seats and booked me a seat in the next day’s flight and charged me 500 dollars when it was the airline’s fault. The service was awful and the employees did not even know how to swiftly deal with such situations.",Turkish Airlines,1,Khartoum,Amsterdam,15.5038301,32.5738979,52.3730796,4.8924534
106,"✅ Trip Verified | Berlin to Erbil via Istanbul. Over two hours into the flight to Erbil when I thought we were already descending, it was announced that we couldn't land and were heading back to Istanbul on account of fog. This meant a 24 hour wait in the airport until the next flight which then was delayed another 90min. Then after everyone had boarded, two buses pull up, ""flight is cancelled"". At this point I could no longer wait, and had to fly back to Berlin. My original return would have been the day before. I spent two hours at the Turkish Airlines transfer desk with a lot of insisting and nerves to finally get this changed at the last minute to the next plane on the same day. The services there was just awful (around 1300 on Dec. 19). Initially I was told, ""everything's ok, just sit there, and we will deliver the ticket to you."" But as time went on and no one came, I had to go back to the desk and basically start from scratch, dealing with altogether 5 or six officials who spoke hardly any English and were disorganised to the point of reminding one of headless chickens. Also 2 hours of free airport wifi per week (!) is just not enough for a traveler under these circumstances. And there was no option to buy more with a credit card.",Turkish Airlines,1,Berlin,Erbil,52.5173885,13.3951309,36.1911744,44.0094145
108,"✅ Trip Verified | Amsterdam to Abu Dhabi via Istanbul. Delays, delays and more delays. That sums up the experience with Turkish Airlines. Long queues at the check-in desk. Slow processes. Delays in flight schedule from AMS to IST. Late arrival at IST airport. Further delays from IST to AUH. And arriving at Abu Dhabi Airport our suitcases were missing. After a delay of two days the luggage finally arrived at our hotel. We had to buy for 550 euro clothing, underwear, swimwear, footwear, toiletries to rescue us through the first two days of our holiday. Turkish compensated only 170 euro. A disgrace. Never again will we travel with this airline.",Turkish Airlines,1,Amsterdam,Abu Dhabi,52.3730796,4.8924534,24.4538352,54.3774014
109,✅ Trip Verified | Istanbul to Johannesburg. Our flight on 30 December (TK0038) was cancelled and we had to connect with their ticket office to finalise a flight for 31 December (TK0042). We paid $79 per seat for 4 people (Seats 6 A/B and 6 J/K) Only A/B was allocated to us which my son and I used because of legroom. My wife and daughter was moved to 27E/F. We flew in from Heathrow the day before on 29 Dec for that 30 Dec connection but due to the postponement was forced to find accommodation and Turkish Airlines was aware of our trip from Heathrow yet they refused to assist with meals or accommodation. That was an extra 300 Euros and I have not heard anything re my 2 x $79 seat cost loss. Never again!,Turkish Airlines,1,Istanbul,Johannesburg,41.006381,28.9758715,-26.205,28.049722
110,"✅ Trip Verified | Johannesburg to Istanbul. We were well taken care of by the cabin crew, service was near perfection. The food was delicious with lots of varieties available. Everything was on time. Great movie selections. Smooth lift off and landing",Turkish Airlines,0,Johannesburg,Istanbul,-26.205,28.049722,41.006381,28.9758715
111,"Not Verified | Taipei to Sao Paulo via Istanbul. Worst service I had in my life! As Elite Plus even I was flying economy I have access to Business Class Lounge in any domestic or international flight flying Turkish, what was denied in Taipei my entrance. When I arrive at my seat someone was already seated, they changed me seat, and later I couldn't access internet, need to use from my miles. During flight other passengers in Business Class Received amenity kit and I didn't. I used miles for upgrade both ways and they gave boarding pass just for first sector, I asked Purser about the amenity and as well my ticket second sector because in a previous flight I had same bad experience. They said you should do a feedback form. Waiting answer until now. They used more miles than the top limit on their system that is 75000 miles from Far East to South America, they deducted 100.000 miles. They damage my luggage on arrival. The asked invoice from the luggage I had, and denied payment saying the luggage is fixable, just come and fix for me. The miles accrued was to be 100% on the fare I bought they gave me around 50%. Amazing company!",Turkish Airlines,1,Taipei,Sao Paulo,25.0375198,121.5636796,-23.5506507,-46.6333824
